MFWBFR1,CA_000864_56337_00
MSADVE2,CA_000544_2975_00
MCMCAN1,CA_000532_1737_00
METPIG1,CA_000877_59314_00
SCWATE2S1E21,CA_000541_43024_00
SCWATE2S1E22,CA_000541_43025_00
SCWATE2S1E23,CA_000541_43026_00
SCWATE2S1E24,CA_000541_43027_00
SCWATE2S1E25,CA_000541_43028_00
SCWATE2S1E26,CA_000541_43029_00
SCWATE2S1E27,CA_000541_43030_00
SCWATE2S1E28,CA_000541_43031_00
SCWATE2S1E29,CA_000541_43032_00
SCWATE2S1E30,CA_000541_43033_00
SCWATE2S1E31,CA_000541_43034_00
SCWATE2S1E32,CA_000541_43035_00
SCWATE2S1E33,CA_000541_43036_00
SCWATE2S1E34,CA_000541_43037_00
SCWATE2S1E35,CA_000541_43039_00
SCWATE2S1E36,CA_000541_43038_00
SCWATE2S1E37,CA_000541_43040_00
SCWATE2S1E38,CA_000541_43041_00
SCWATE2S1E39,CA_000541_43042_00
SCWATE2S1E40,CA_000541_43043_00
SCWATE2S1E1,CA_000541_43004_00
SCWATE2S1E2,CA_000541_43005_00
SCWATE2S1E3,CA_000541_43006_00
SCWATE2S1E4,CA_000541_43007_00
SCWATE2S1E5,CA_000541_43008_00
SCWATE2S1E6,CA_000541_43009_00
SCWATE2S1E7,CA_000541_43010_00
SCWATE2S1E8,CA_000541_43011_00
SCWATE2S1E9,CA_000541_43012_00
SCWATE2S1E10,CA_000541_43013_00
SCWATE2S1E11,CA_000541_43014_00
SCWATE2S1E12,CA_000541_43015_00
SCWATE2S1E13,CA_000541_43016_00
SCWATE2S1E14,CA_000541_43017_00
SCWATE2S1E15,CA_000541_43018_00
SCWATE2S1E16,CA_000541_43019_00
SCWATE2S1E17,CA_000541_43020_00
SCWATE2S1E18,CA_000541_43021_00
SCWATE2S1E19,CA_000541_43022_00
SCWATE2S1E20,CA_000541_43023_00
SCPLID1S3E1,CA_999387_30935_00
SCPLID1S3E2,CA_999387_30953_00
SCPLID1S3E3,CA_999387_30950_00
SCPLID1S3E4,CA_999387_30954_00
SCPLID1S3E5,CA_999387_30956_00
SCPLID1S3E6,CA_999387_30948_00
SCPLID1S3E7,CA_999387_30941_00
SCPLID1S3E8,CA_999387_30938_00
SCPLID1S3E9,CA_999387_30971_00
SCPLID1S3E10,CA_999387_30972_00
SCPLID1S3E11,CA_999387_30965_00
SCPLID1S3E12,CA_999387_30936_00
SCPLID1S3E13,CA_999387_30957_00
SCPLID1S3E14,CA_999387_30944_00
SCPLID1S3E15,CA_999387_30959_00
SCPLID1S3E16,CA_999387_30964_00
SCPLID1S3E17,CA_999387_30973_00
SCPLID1S3E18,CA_999387_30945_00
SCPLID1S3E19,CA_999387_30937_00
SCPLID1S3E20,CA_999387_30966_00
SCPLID1S3E21,CA_999387_30934_00
SCPLID1S3E22,CA_999387_30940_00
SCPLID1S3E23,CA_999387_30949_00
SCPLID1S3E24,CA_999387_30946_00
SCPLID1S3E25,CA_999387_30963_00
SCPLID1S3E26,CA_999387_30955_00
SCPLID1S3E27,CA_999387_30943_00
SCPLID1S3E28,CA_999387_30967_00
SCPLID1S3E29,CA_999387_30958_00
SCPLID1S3E30,CA_999387_30969_00
SCPLID1S3E31,CA_999387_30951_00
SCPLID1S3E32,CA_999387_30952_00
SCPLID1S3E33,CA_999387_30960_00
SCPLID1S3E34,CA_999387_30942_00
SCPLID1S3E35,CA_999387_30968_00
SCPLID1S3E36,CA_999387_30947_00
SCPLID1S3E37,CA_999387_30961_00
SCPLID1S3E38,CA_999387_30970_00
SCPLID1S3E39,CA_999387_30962_00
SCPLID1S3E40,CA_999387_30939_00
SMPPAL1S2E1,CA_000494_38081_00
SMPPAL1S2E2,CA_000494_37984_00
SMPPAL1S2E8,CA_000494_37945_00
SMPPAL1S2E9,CA_000494_38046_00
SMPPAL1S2E10,CA_000494_38073_00
SMPPAL1S2E11,CA_000494_37946_00
SMPPAL1S2E12,CA_000494_38047_00
SMPPAL1S3E1,CA_000494_37976_00
SMPPAL1S3E2,CA_000494_37947_00
SMPPAL1S3E3,CA_000494_37986_00
SMPPAL1S3E4,CA_000494_37977_00
SBBTAD1S1E1,CA_000875_57365_10
SBBTAD1S1E2,CA_000875_57372_10
SBBTAD1S1E3,CA_000875_57366_10
SBBTAD1S1E4,CA_000875_57357_10
SBBTAD1S1E5,CA_000875_57371_10
SBBTAD1S1E6,CA_000875_57351_10
SBBTAD1S1E7,CA_000875_57370_10
SBBTAD1S1E8,CA_000875_57358_10
SBBTAD1S1E9,CA_000875_57353_10
SBBTAD1S1E10,CA_000875_57369_10
SBBTAD1S1E11,CA_000875_57354_10
SBBTAD1S1E12,CA_000875_57352_10
SBBTAD1S1E13,CA_000875_57356_10
SBBTAD1S1E14,CA_000875_57355_10
SBBTAD1S1E15,CA_000875_57368_10
SBBTAD1S1E16,CA_000875_57363_10
SBBTAD1S1E17,CA_000875_57349_10
SBBTAD1S1E18,CA_000875_57367_10
SBBTAD1S1E19,CA_000875_57348_10
SBBTAD1S1E20,CA_000875_57350_10
SBBTAD1S1E21,CA_000875_57359_10
SBBTAD1S1E22,CA_000875_57347_10
SBBTAD1S1E23,CA_000875_57361_10
SBBTAD1S1E24,CA_000875_57360_10
SBBTAD1S1E25,CA_000875_57362_10
SBBTAD1S1E26,CA_000875_57364_10
SSERIC1S1E1,CA_000093_42517_00
SSERIC1S1E2,CA_000093_42518_00
SSERIC1S1E3,CA_000093_42519_00
SSERIC1S1E4,CA_000093_42520_00
SSERIC1S1E5,CA_000093_42521_00
SSERIC1S1E6,CA_000093_42522_00
SSERIC1S1E7,CA_000093_42523_00
SSERIC1S1E8,CA_000093_42524_00
SSERIC1S1E9,CA_000093_42525_00
SSERIC1S1E10,CA_000093_42526_00
SSERIC1S1E11,CA_000093_42527_00
SSERIC1S1E12,CA_000093_42528_00
SSERIC1S1E13,CA_000093_42529_00
SSERIC1S2E1,CA_000093_48860_00
SSERIC1S2E2,CA_000093_48876_00
SSERIC1S2E3,CA_000093_48877_00
SSERIC1S2E4,CA_000093_48737_00
SSERIC1S2E5,CA_000093_48732_00
SSERIC1S2E6,CA_000093_48861_00
SSERIC1S2E7,CA_000093_48859_00
SSERIC1S2E8,CA_000093_48733_00
SSERIC1S2E9,CA_000093_48862_00
SSERIC1S2E10,CA_000093_48731_00
SSERIC1S2E11,CA_000093_48735_00
SSERIC1S2E12,CA_000093_48740_00
SSERIC1S2E13,CA_000093_48736_00
SFSPIN1S1E1,CA_000493_43894_00
SFSPIN1S1E2,CA_000493_43895_00
SFSPIN1S1E3,CA_000493_43896_00
SFSPIN1S1E4,CA_000493_43898_00
SFSPIN1S1E5,CA_000493_43897_00
SFSPIN1S1E6,CA_000493_43899_00
SFSPIN1S1E7,CA_000493_43900_00
SFSPIN1S1E8,CA_000493_43901_00
SFSPIN1S1E9,CA_000493_43902_00
SFSPIN1S1E10,CA_000493_43903_00
SFSPIN1S1E11,CA_000493_43904_00
SFSPIN1S1E12,CA_000493_43905_00
SFSPIN1S1E13,CA_000493_43906_00
SFSPIN1S1E14,CA_000493_43907_00
SFSPIN1S1E15,CA_000493_43908_00
SFSPIN1S1E16,CA_000493_43909_00
SSSCOM1S1E17,CA_000431_38297_00
SSSCOM1S1E18,CA_000431_38298_00
SSSCOM1S1E19,CA_000431_38299_00
SSSCOM1S1E20,CA_000431_38300_00
SSSCOM1S1E21,CA_000431_38301_00
SSSCOM1S1E22,CA_000431_38302_00
SSSCOM1S1E23,CA_000431_38303_00
SSSCOM1S1E24,CA_000431_38304_00
SSSCOM1S1E25,CA_000431_38305_00
SSSCOM1S1E26,CA_000431_38306_00
SSSCOM1S1E27,CA_000431_38307_00
SSSCOM1S1E28,CA_000431_38308_00
SSSCOM1S1E29,CA_000431_38309_00
SSSCOM1S1E30,CA_000431_38310_00
SDETUR1S1E1,CA_999387_35712_00
SDETUR1S1E2,CA_999387_35685_00
SDETUR1S1E3,CA_999387_35705_00
SDETUR1S1E4,CA_999387_35731_00
SDETUR1S1E5,CA_999387_35713_00
SDETUR1S1E6,CA_999387_35684_00
SDETUR1S1E7,CA_999387_35711_00
SDETUR1S1E8,CA_999387_35720_00
SDETUR1S1E9,CA_999387_35683_00
SDETUR1S1E10,CA_999387_35708_00
SDETUR1S1E11,CA_999387_35686_00
SDETUR1S1E12,CA_999387_35777_00
SDETUR1S1E13,CA_999387_35709_00
SDETUR1S1E14,CA_999387_35804_00
SDETUR1S1E15,CA_999387_35752_00
SDETUR1S1E16,CA_999387_35776_00
SDETUR1S1E17,CA_999387_35710_00
SDETUR1S1E18,CA_999387_35791_00
SDETUR1S1E19,CA_999387_35741_00
SDETUR1S1E20,CA_999387_35853_00
SDETUR1S1E21,CA_999387_35688_00
SDETUR1S1E22,CA_999387_35805_00
SDETUR1S1E23,CA_999387_35841_00
SDETUR1S1E24,CA_999387_35689_00
SDETUR1S1E25,CA_999387_35806_00
SDETUR1S1E26,CA_999387_35843_00
SDETUR1S1E27,CA_999387_35706_00
SDETUR1S1E28,CA_999387_35753_00
SDETUR1S1E29,CA_999387_35754_00
SDETUR1S1E30,CA_999387_35690_00
SDETUR1S1E31,CA_999387_35682_00
SDETUR1S1E32,CA_999387_35691_00
SDETUR1S1E33,CA_999387_35732_00
SDETUR1S1E34,CA_999387_35842_00
SDETUR1S1E35,CA_999387_35854_00
SDETUR1S1E36,CA_999387_35687_00
SDETUR1S1E37,CA_999387_35769_00
SDETUR1S1E38,CA_999387_35742_00
SDETUR1S1E39,CA_999387_35707_00
SDETUR1S1E40,CA_999387_35692_00
SDETUR1S2E1,CA_999387_35865_00
SDETUR1S2E2,CA_999387_35792_00
SDETUR1S2E3,CA_999387_35844_00
SDETUR1S2E4,CA_999387_35793_00
SDETUR1S2E5,CA_999387_35735_00
SDETUR1S2E6,CA_999387_35779_00
SDETUR1S2E7,CA_999387_35721_00
SDETUR1S2E8,CA_999387_35722_00
SDETUR1S2E9,CA_999387_35866_00
SDETUR1S2E10,CA_999387_35755_00
SDETUR1S2E11,CA_999387_35816_00
SDETUR1S2E12,CA_999387_35794_00
SDETUR1S2E13,CA_999387_35845_00
SDETUR1S2E14,CA_999387_35693_00
SDETUR1S2E15,CA_999387_35822_00
SDETUR1S2E16,CA_999387_35823_00
SDETUR1S2E17,CA_999387_35795_00
SDETUR1S2E18,CA_999387_35824_00
SDETUR1S2E19,CA_999387_35796_00
SDETUR1S2E20,CA_999387_35807_00
SDETUR1S2E21,CA_999387_35825_00
SDETUR1S2E22,CA_999387_35723_00
SDETUR1S2E23,CA_999387_35867_00
SDETUR1S2E24,CA_999387_35868_00
SDETUR1S2E25,CA_999387_35724_00
SDETUR1S2E26,CA_999387_35694_00
SDETUR1S2E27,CA_999387_35808_00
SDETUR1S2E28,CA_999387_35826_00
SDETUR1S2E29,CA_999387_35696_00
SDETUR1S2E30,CA_999387_35869_00
SDETUR1S2E31,CA_999387_35757_00
SDETUR1S2E32,CA_999387_35695_00
SDETUR1S2E33,CA_999387_35809_00
SDETUR1S2E34,CA_999387_35743_00
SDETUR1S2E35,CA_999387_35817_00
SDETUR1S2E36,CA_999387_35770_00
SDETUR1S2E37,CA_999387_35827_00
SDETUR1S2E38,CA_999387_35780_00
SDETUR1S2E39,CA_999387_35744_00
SDETUR1S2E40,CA_999387_35697_00
SDETUR1S5E1,CA_999387_35787_00
SDETUR1S5E2,CA_999387_35738_00
SDETUR1S5E3,CA_999387_35812_00
SDETUR1S5E4,CA_999387_35836_00
SDETUR1S5E5,CA_999387_35860_00
SDETUR1S5E6,CA_999387_35850_00
SDETUR1S5E7,CA_999387_35813_00
SDETUR1S5E8,CA_999387_35801_00
SDETUR1S5E9,CA_999387_35814_00
SDETUR1S5E10,CA_999387_35820_00
SDETUR1S5E11,CA_999387_35704_00
SDETUR1S5E12,CA_999387_35878_00
SDETUR1S5E13,CA_999387_35750_00
SDETUR1S5E14,CA_999387_35879_00
SDETUR1S5E15,CA_999387_35838_00
SDETUR1S5E16,CA_999387_35802_00
SDETUR1S5E17,CA_999387_35851_00
SDETUR1S5E18,CA_999387_35739_00
SDETUR1S5E19,CA_999387_35719_00
SDETUR1S5E20,CA_999387_35775_00
SDETUR1S5E21,CA_999387_35778_00
SDETUR1S5E22,CA_999387_35880_00
SDETUR1S5E23,CA_999387_35767_00
SDETUR1S5E24,CA_999387_35790_00
SDETUR1S5E25,CA_999387_35803_00
SDETUR1S5E26,CA_999387_35837_00
SDETUR1S5E27,CA_999387_35861_00
SDETUR1S5E28,CA_999387_35821_00
SDETUR1S5E29,CA_999387_35730_00
SDETUR1S5E30,CA_999387_35881_00
SDETUR1S5E31,CA_999387_35768_00
SDETUR1S5E32,CA_999387_35862_00
SDETUR1S5E33,CA_999387_35864_00
SDETUR1S5E34,CA_999387_35839_00
SDETUR1S5E35,CA_999387_35840_00
SDETUR1S5E36,CA_999387_35789_00
SDETUR1S5E37,CA_999387_35740_00
SDETUR1S5E38,CA_999387_35751_00
SDETUR1S5E39,CA_999387_35852_00
SDETUR1S5E40,CA_999387_35815_00
SLOSTR1S1E1,CA_000542_45767_00
SLOSTR1S1E2,CA_000542_45766_00
SLOSTR1S1E3,CA_000542_45790_00
SLOSTR1S1E4,CA_000542_45768_00
SLOSTR1S1E5,CA_000542_45769_00
SLOSTR1S1E6,CA_000542_45770_00
SLOSTR1S1E7,CA_000542_45765_00
SLOSTR1S1E8,CA_000542_45778_00
SLOSTR1S1E9,CA_000542_45784_00
SLOSTR1S1E10,CA_000542_45771_00
SLOSTR1S1E11,CA_000542_45779_00
SLOSTR1S1E12,CA_000542_45772_00
SLOSTR1S1E13,CA_000542_45780_00
SLOSTR1S1E14,CA_000542_45773_00
SLOSTR1S1E15,CA_000542_45785_00
SLOSTR1S1E16,CA_000542_45774_00
SLOSTR1S1E17,CA_000542_45781_00
SLOSTR1S1E18,CA_000542_45791_00
SLOSTR1S1E19,CA_000542_45792_00
SLOSTR1S1E20,CA_000542_45793_00
SLOSTR1S1E21,CA_000542_45786_00
SLOSTR1S1E22,CA_000542_45775_00
SLOSTR1S1E23,CA_000542_45787_00
SLOSTR1S1E24,CA_000542_45782_00
SLOSTR1S1E25,CA_000542_45783_00
SLOSTR1S1E26,CA_000542_45788_00
SLOSTR1S1E27,CA_000542_45789_00
SLOSTR1S1E28,CA_000542_45776_00
SLOSTR1S1E29,CA_000542_45777_00
SICRIM1S5E1,CA_000684_51660_00
SICRIM1S5E2,CA_000684_51647_00
SICRIM1S5E3,CA_000684_51659_00
SICRIM1S5E4,CA_000684_51649_00
SICRIM1S5E5,CA_000684_51831_00
SICRIM1S5E6,CA_000684_51832_00
SICRIM1S5E7,CA_000684_51658_00
SICRIM1S5E8,CA_000684_51657_00
SICRIM1S5E9,CA_000684_51829_00
SICRIM1S5E10,CA_000684_51833_00
SWWBER1S1E1,CA_000603_48568_00
SWWBER1S1E2,CA_000603_48570_00
SWWBER1S1E3,CA_000603_48571_00
SWWBER1S1E4,CA_000603_48572_00
SWWBER1S1E5,CA_000603_6875_00
SWWBER1S1E6,CA_000603_6874_00
SWWBER1S1E7,CA_000603_6877_00
SWWBER1S1E8,CA_000603_6873_00
SAPNEA1S1E1,CA_000622_49156_00
SAPNEA1S1E2,CA_000622_49157_00
SAPNEA1S1E3,CA_000622_49160_00
SAPNEA1S1E4,CA_000622_49155_00
SAPNEA1S1E5,CA_000622_49159_00
SAPNEA1S1E6,CA_000622_49161_00
MACDRA1,CA_000734_1732_00
MAFASO1,CA_000532_178_00
MAYENA1,CA_000532_1728_00
MCQSMS1,CA_000532_1740_00
SMOIAM1S1E1,CA_000601_46312_00
SMOIAM1S1E2,CA_000601_46311_00
SMOIAM1S1E3,CA_000601_46318_00
SMOIAM1S1E4,CA_000601_46320_00
SMOIAM1S1E5,CA_000601_46327_00
SMOIAM1S1E6,CA_000601_46313_00
SMOIAM1S1E7,CA_000601_46328_00
SMOIAM1S1E8,CA_000601_46334_00
SMOIAM1S1E9,CA_000601_46314_00
SMOIAM1S1E10,CA_000601_46315_00
SMOIAM1S1E11,CA_000601_46330_00
SMOIAM1S1E12,CA_000601_46321_00
SMOIAM1S1E13,CA_000601_46316_00
SMOIAM1S1E14,CA_000601_46322_00
SMOIAM1S1E15,CA_000601_46317_00
SMOIAM1S1E16,CA_000601_46329_00
SMOIAM1S1E17,CA_000601_46331_00
SMOIAM1S1E18,CA_000601_46332_00
SMOIAM1S1E19,CA_000601_46323_00
SMOIAM1S1E20,CA_000601_46319_00
SMOIAM1S1E21,CA_000601_46333_00
SMOIAM1S1E22,CA_000601_46324_00
SMOIAM1S1E23,CA_000601_46335_00
SMOIAM1S1E24,CA_000601_46325_00
SMOIAM1S1E25,CA_000601_46326_00
SLCDLL2S1E1,CA_000387_29622_00
SLCDLL2S1E2,CA_000387_29609_00
SLCDLL2S1E3,CA_000387_29623_00
SLCDLL2S1E4,CA_000387_29606_00
SLCDLL2S1E5,CA_000387_29613_00
SLCDLL2S1E6,CA_000387_29614_00
SLCDLL2S1E7,CA_000387_29618_00
SLCDLL2S1E8,CA_000387_29610_00
SLCDLL2S1E9,CA_000387_29626_00
SLCDLL2S1E10,CA_000387_29616_00
SLCDLL2S1E11,CA_000387_29607_00
SLCDLL2S1E12,CA_000387_29615_00
SLCDLL2S1E13,CA_000387_29611_00
SLCDLL2S1E14,CA_000387_29617_00
SLCDLL2S1E15,CA_000387_29624_00
SLCDLL2S1E16,CA_000387_29619_00
SLCDLL2S1E17,CA_000387_29621_00
SLCDLL2S1E18,CA_000387_29625_00
SLCDLL2S1E19,CA_000387_29620_00
SLCDLL2S1E20,CA_000387_29627_00
SLCDLL2S1E21,CA_000387_29608_00
SLCDLL2S1E22,CA_000387_29628_00
SLCDLL2S1E23,CA_000387_29629_00
SLCDLL2S1E24,CA_000387_29612_00
MACORA1,CA_000532_996_00
SMPPAL1S3E15,CA_000494_37979_00
SMPPAL1S3E16,CA_000494_38052_00
SMPPAL1S3E17,CA_000494_37980_00
SMPPAL1S3E18,CA_000494_38038_00
SMPPAL1S3E19,CA_000494_37988_00
SMPPAL1S3E20,CA_000494_37996_00
SMPPAL1S3E21,CA_000494_37990_00
SMPPAL1S3E22,CA_000494_37967_00
SMPPAL1S3E23,CA_000494_38085_00
SMPPAL1S3E24,CA_000494_38002_00
SMPPAL1S3E25,CA_000494_38053_00
SMPPAL1S3E26,CA_000494_38077_00
SMPPAL1S3E27,CA_000494_38086_00
SMPPAL1S3E28,CA_000494_37951_00
SMPPAL1S3E29,CA_000494_38054_00
SMPPAL1S3E30,CA_000494_38022_00
SMPPAL1S3E31,CA_000494_37981_00
SMPPAL1S3E32,CA_000494_38044_00
SMPPAL1S3E33,CA_000494_38064_00
SMPPAL1S3E34,CA_000494_38040_00
SMPPAL1S3E35,CA_000494_37982_00
SMPPAL1S3E36,CA_000494_38003_00
SMPPAL1S3E37,CA_000494_38009_00
SMPPAL1S3E38,CA_000494_37989_00
SMPPAL1S3E39,CA_000494_38087_00
SMPPAL1S3E40,CA_000494_38088_00
SMPPAL1S3E41,CA_000494_38089_00
SMPPAL1S3E42,CA_000494_37952_00
SMPPAL1S3E43,CA_000494_38078_00
SMPPAL1S3E44,CA_000494_37968_00
SMPPAL1S3E45,CA_000494_37997_00
SMPPAL1S3E46,CA_000494_37991_00
SMPPAL1S3E47,CA_000494_38031_00
SMPPAL1S3E48,CA_000494_38065_00
SMPPAL1S3E49,CA_000494_38067_00
SMPPAL1S3E50,CA_000494_37953_00
SMPPAL1S3E51,CA_000494_38090_00
SMPPAL1S3E52,CA_000494_37983_00
SSSCOM1S1E2,CA_000431_38282_00
SSSCOM1S1E3,CA_000431_38283_00
SSSCOM1S1E4,CA_000431_38284_00
SSSCOM1S1E5,CA_000431_38285_00
SSSCOM1S1E6,CA_000431_38286_00
SSSCOM1S1E7,CA_000431_38287_00
SSSCOM1S1E8,CA_000431_38288_00
SSSCOM1S1E9,CA_000431_38290_00
SSSCOM1S1E10,CA_000431_38289_00
SSSCOM1S1E11,CA_000431_38291_00
SSSCOM1S1E12,CA_000431_38292_00
SSSCOM1S1E13,CA_000431_38293_00
SSSCOM1S1E14,CA_000431_38294_00
SSSCOM1S1E15,CA_000431_38295_00
SSSCOM1S1E16,CA_000431_38296_00
SSSCOM1S1E38,CA_000431_38318_00
SCHEFS1S1E1,CA_000374_44533_00
SCHEFS1S1E2,CA_000374_44534_00
SCHEFS1S1E3,CA_000374_44535_00
SCHEFS1S1E4,CA_000374_44536_00
SCHEFS1S1E5,CA_000374_44537_00
SCHEFS1S1E6,CA_000374_44538_00
SCHEFS1S2E1,CA_000374_44539_00
SCHEFS1S2E2,CA_000374_44540_00
SCHEFS1S2E3,CA_000374_44541_00
SCHEFS1S2E4,CA_000374_44542_00
SCHEFS1S2E5,CA_000374_44543_00
SCHEFS1S2E6,CA_000374_44544_00
SCHEFS1S2E7,CA_000374_44545_00
SCHEFS1S2E8,CA_000374_44546_00
MAPROF1,CA_000432_3319_00
MSONMU1,CA_000013_3333_00
MGBOY01,CA_000428_3369_00
M5B5WE1,CA_000442_3386_00
MTLSCO1,CA_000013_3334_00
MGELO01,CA_000436_3318_00
MPULSE1,CA_000555_3404_00
MTGPUN1,CA_000249_3291_00
MATKNI1,CA_000120_3087_00
MDKICK1,CA_000013_3328_00
MALBRU1,CA_000532_1355_00
MLVDGU4,CA_000506_3232_00
M3HEMV1,CA_000786_483_00
SCAIN01S1E1,CA_000622_50320_00
SCAIN01S1E2,CA_000622_50362_00
SCAIN01S1E3,CA_000622_51772_00
SCAIN01S1E4,CA_000622_50090_00
SCAIN01S1E5,CA_000622_49791_00
SCAIN01S1E6,CA_000622_49786_00
SCAIN01S1E7,CA_000622_49923_00
SCAIN01S1E8,CA_000622_50107_00
SCAIN01S3E1,CA_000622_50968_00
SCAIN01S3E2,CA_000622_50971_00
SCAIN01S3E3,CA_000622_50981_00
SCAIN01S3E4,CA_000622_51855_00
SCAIN01S3E5,CA_000622_51854_00
SCAIN01S3E6,CA_000622_50974_00
SCAIN01S3E7,CA_000622_50970_00
SCAIN01S3E8,CA_000622_50979_00
SCAIN01S5E1,CA_000622_50993_00
SCAIN01S5E2,CA_000622_50990_00
SCAIN01S5E3,CA_000622_50923_00
SCAIN01S5E4,CA_000622_50992_00
SCAIN01S5E5,CA_000622_51851_00
SCAIN01S7E1,CA_000622_51017_00
SCAIN01S7E2,CA_000622_51015_00
SCAIN01S7E3,CA_000622_51018_00
SCAIN01S7E4,CA_000622_51019_00
SCAIN01S7E5,CA_000622_51850_00
SCAIN01S7E6,CA_000622_51016_00
SCAIN01S7E7,CA_000622_51022_00
SCAIN01S7E8,CA_000622_51024_00
MPIEGR1,CA_000051_2435_00
MADADV1,CA_000877_59301_00
MAWCRY1,CA_000120_3085_00
MSDOG01,CA_000877_59327_00
MBPROH1,CA_000506_185_00
MCLHPE1,CA_000532_1731_00
MECMAN1,CA_000532_1000_00
MCEAPU1,CA_000506_1359_00
MCADMU1,CA_000532_998_00
MCDGUA1,CA_000532_486_00
MHRARF1,CA_000877_59320_00
MTPAHT1,CA_000120_3084_00
MESDHH1,CA_000442_3390_00
MCPRIN1,CA_000120_3086_00
MLTBOH1,CA_000506_987_00
MPQNMU1,CA_000532_1401_00
MDQSCO1,CA_000532_1350_00
MDNLPR1,CA_000532_1380_00
MDPDEJ1,CA_000532_1734_00
MEBRUT1,CA_000532_469_00
MITMBI1,CA_000877_59321_00
MBBTTR1,CA_000877_59305_00
MC10001,CA_000877_59312_00
MMIMPO1,CA_000506_1759_00
MEESCA1,CA_000532_1377_00
MLESCO2,CA_000532_165_00
METNEG1,CA_000506_1390_00
MDNLQU1,CA_000532_1763_00
MREPOR1,CA_000532_978_00
MLAHCH1,CA_000442_3397_00
MCECIL1,CA_000877_59310_00
MTTWIS1,CA_000120_3088_00
MEIPZO1,CA_000532_1387_00
MALCVI1,CA_000532_184_00
MLLDRI1,CA_000506_65_00
MLVQNT1,CA_000532_119_00
SSMHUA1S1E1,CA_000618_49690_00
SSMHUA1S1E2,CA_000618_49619_00
SSMHUA1S1E3,CA_000618_49645_00
SSMHUA1S1E4,CA_000618_49825_00
SSMHUA1S1E5,CA_000618_49823_00
SSMHUA1S1E6,CA_000618_49621_00
MRSRUE1,CA_000532_455_00
MARTTB1,CA_000442_3388_00
MMEREN1,CA_000392_2610_00
MSAFBF1,CA_000877_59324_00
MNYNME1,CA_000442_3396_00
MMSELL1,CA_000532_458_00
MALTLH1,CA_000532_997_00
SSLEEP1S1E1,CA_000428_47324_00
SSLEEP1S1E2,CA_000428_47325_00
SSLEEP1S1E3,CA_000428_47326_00
SSLEEP1S1E4,CA_000428_47327_00
MACLTA1,CA_000532_1733_00
MASDCH1,CA_000532_490_00
MAABLI1,CA_000506_1353_00
MAARDG1,CA_000532_1685_00
MPEREN1,CA_000392_2624_00
MPDHAD1,CA_000442_3393_00
SCSPIL1S1E1,CA_000120_39391_00
SCSPIL1S1E2,CA_000120_39392_00
SCSPIL1S1E3,CA_000120_39394_00
SCSPIL1S1E4,CA_000120_39395_00
SCSPIL1S1E5,CA_000120_39397_00
SCSPIL1S1E6,CA_000120_39393_00
SFLINT1S1E1,CA_000484_45503_00
SFLINT1S1E2,CA_000484_45504_00
SFLINT1S1E3,CA_000484_45505_00
SFLINT1S1E4,CA_000484_45506_00
MWCFLY1,CA_000120_3082_00
MABULE1,CA_000013_3326_00
MCURUG1,CA_000786_628_00
MADCOM1,CA_000532_500_00
MCMBAI1,CA_000532_1358_00
MBANBO1,CA_000877_59308_00
STDAFT1S2E1,CA_000428_47300_00
STDAFT1S2E2,CA_000428_47301_00
STDAFT1S2E3,CA_000428_47302_00
STDAFT1S2E4,CA_000428_47303_00
STDAFT1S2E5,CA_000428_47304_00
STDAFT1S2E6,CA_000428_47305_00
STDAFT1S2E7,CA_000428_47306_00
STDAFT1S2E8,CA_000428_47307_00
STDAFT1S2E9,CA_000428_47308_00
STDAFT1S2E10,CA_000428_47309_00
STDAFT1S2E11,CA_000428_47310_00
STDAFT1S2E12,CA_000428_47311_00
STDAFT1S3E1,CA_000428_47312_00
STDAFT1S3E2,CA_000428_47313_00
STDAFT1S3E3,CA_000428_47314_00
STDAFT1S3E4,CA_000428_47315_00
STDAFT1S3E5,CA_000428_47316_00
STDAFT1S3E6,CA_000428_47317_00
STDAFT1S3E7,CA_000428_47318_00
STDAFT1S3E8,CA_000428_47319_00
STDAFT1S3E9,CA_000428_47320_00
STDAFT1S3E10,CA_000428_47321_00
STDAFT1S3E11,CA_000428_47322_00
STDAFT1S3E12,CA_000428_47323_00
STDAFT1S1E1,CA_000428_47288_00
STDAFT1S1E2,CA_000428_47289_00
STDAFT1S1E3,CA_000428_47290_00
STDAFT1S1E4,CA_000428_47291_00
STDAFT1S1E5,CA_000428_47292_00
STDAFT1S1E6,CA_000428_47293_00
STDAFT1S1E7,CA_000428_47294_00
STDAFT1S1E8,CA_000428_47295_00
STDAFT1S1E9,CA_000428_47296_00
STDAFT1S1E10,CA_000428_47297_00
STDAFT1S1E11,CA_000428_47298_00
STDAFT1S1E12,CA_000428_47299_00
,CA_000120_39396_00
,CA_000120_39399_00
,CA_000120_39398_00
,CA_000120_39400_00
,CA_000120_39401_00
,CA_000120_39402_00
,CA_000120_39403_00
,CA_000120_39406_00
,CA_000120_45032_00
,CA_000120_45033_00
,CA_000120_45034_00
,CA_000120_45035_00
,CA_000120_45036_00
SDETUR1S3E1,CA_999387_35758_00
SDETUR1S3E2,CA_999387_35846_00
SDETUR1S3E3,CA_999387_35870_00
SDETUR1S3E4,CA_999387_35745_00
SDETUR1S3E5,CA_999387_35756_00
SDETUR1S3E6,CA_999387_35855_00
SDETUR1S3E7,CA_999387_35871_00
SDETUR1S3E8,CA_999387_35698_00
SDETUR1S3E9,CA_999387_35810_00
SDETUR1S3E10,CA_999387_35725_00
SDETUR1S3E11,CA_999387_35759_00
SDETUR1S3E12,CA_999387_35828_00
SDETUR1S3E13,CA_999387_35760_00
SDETUR1S3E14,CA_999387_35699_00
SDETUR1S3E15,CA_999387_35746_00
SDETUR1S3E16,CA_999387_35863_00
SDETUR1S3E17,CA_999387_35781_00
SDETUR1S3E18,CA_999387_35747_00
SDETUR1S3E19,CA_999387_35748_00
SDETUR1S3E20,CA_999387_35847_00
SDETUR1S3E21,CA_999387_35797_00
SDETUR1S3E22,CA_999387_35872_00
SDETUR1S3E23,CA_999387_35829_00
SDETUR1S3E24,CA_999387_35771_00
SDETUR1S3E25,CA_999387_35714_00
SDETUR1S3E26,CA_999387_35830_00
SDETUR1S3E27,CA_999387_35733_00
SDETUR1S3E28,CA_999387_35856_00
SDETUR1S3E29,CA_999387_35831_00
SDETUR1S3E30,CA_999387_35799_00
SDETUR1S3E31,CA_999387_35811_00
SDETUR1S3E32,CA_999387_35873_00
SDETUR1S3E33,CA_999387_35857_00
SDETUR1S3E34,CA_999387_35700_00
SDETUR1S3E35,CA_999387_35832_00
SDETUR1S3E36,CA_999387_35833_00
SDETUR1S3E37,CA_999387_35858_00
SDETUR1S3E38,CA_999387_35761_00
SDETUR1S3E39,CA_999387_35773_00
SDETUR1S3E40,CA_999387_35734_00
SFSPIN1S1E17,CA_000493_43910_00
SFSPIN1S1E18,CA_000493_43911_00
SFSPIN1S1E19,CA_000493_43912_00
SFSPIN1S1E20,CA_000493_43913_00
SFSPIN1S1E21,CA_000493_43914_00
SFSPIN1S1E22,CA_000493_43915_00
SFSPIN1S1E23,CA_000493_43916_00
SFSPIN1S1E24,CA_000493_43917_00
SFSPIN1S1E25,CA_000493_43918_00
SFSPIN1S1E26,CA_000493_43919_00
SFSPIN1S1E27,CA_000493_43920_00
SFSPIN1S1E28,CA_000493_43921_00
SFSPIN1S1E29,CA_000493_43922_00
SFSPIN1S1E30,CA_000493_43923_00
SLLEON1S1E1,CA_000155_36512_00
SLLEON1S1E2,CA_000155_36513_00
SLLEON1S1E3,CA_000155_36514_00
SLLEON1S1E4,CA_000155_36515_00
SLLEON1S1E5,CA_000155_36516_00
SLLEON1S1E6,CA_000155_36517_00
SLLEON1S1E7,CA_000155_36518_00
SLLEON1S1E8,CA_000155_36519_00
SLLEON1S1E9,CA_000155_36520_00
SLLEON1S1E10,CA_000155_36521_00
SLLEON1S1E11,CA_000155_36522_00
SLLEON1S1E12,CA_000155_36523_00
SLLEON1S1E13,CA_000155_36524_00
SLLEON1S1E14,CA_000155_36525_00
SLLEON1S1E15,CA_000155_36526_00
SLLEON1S1E16,CA_000155_36527_00
SLLEON1S1E17,CA_000155_36528_00
SLLEON1S1E18,CA_000155_36529_00
SLLEON1S1E19,CA_000155_36530_00
SLLEON1S1E20,CA_000155_36531_00
SLLEON1S1E21,CA_000155_36532_00
SLLEON1S1E22,CA_000155_36533_00
SLLEON1S1E23,CA_000155_36534_00
SLLEON1S1E24,CA_000155_36535_00
SLLEON1S1E25,CA_000155_36536_00
SLLEON1S1E26,CA_000155_36537_00
SMPPAL1S1E1,CA_000494_37939_00
SMPPAL1S1E2,CA_000494_37937_00
SMPPAL1S1E3,CA_000494_37958_00
SMPPAL1S1E4,CA_000494_37956_00
SMPPAL1S1E5,CA_000494_37959_00
SMPPAL1S1E6,CA_000494_38023_00
SMPPAL1S1E7,CA_000494_38024_00
SMPPAL1S1E8,CA_000494_37938_00
SMPPAL1S1E9,CA_000494_37940_00
SMPPAL1S1E10,CA_000494_37998_00
SMPPAL1S1E11,CA_000494_37935_00
SMPPAL1S1E12,CA_000494_38032_00
SMPPAL1S1E13,CA_000494_37954_00
SMPPAL1S1E14,CA_000494_38055_00
SMPPAL1S1E15,CA_000494_38004_00
SMPPAL1S1E16,CA_000494_38066_00
SMPPAL1S1E17,CA_000494_37955_00
SMPPAL1S1E18,CA_000494_37960_00
SMPPAL1S1E19,CA_000494_38017_00
SMPPAL1S1E20,CA_000494_38033_00
SMPPAL1S1E21,CA_000494_38056_00
SMPPAL1S1E22,CA_000494_38010_00
SMPPAL1S1E23,CA_000494_38069_00
SMPPAL1S1E24,CA_000494_38018_00
SMPPAL1S1E25,CA_000494_38057_00
SMPPAL1S1E26,CA_000494_37936_00
SMPPAL1S1E27,CA_000494_37969_00
SMPPAL1S1E28,CA_000494_38011_00
SMPPAL1S1E29,CA_000494_38025_00
SMPPAL1S1E30,CA_000494_37961_00
SMPPAL1S1E31,CA_000494_38058_00
SMPPAL1S1E32,CA_000494_38005_00
SMPPAL1S1E33,CA_000494_38034_00
SMPPAL1S1E34,CA_000494_38079_00
SMPPAL1S1E35,CA_000494_37962_00
SMPPAL1S1E36,CA_000494_38012_00
SMPPAL1S1E37,CA_000494_38068_00
SMPPAL1S1E38,CA_000494_38070_00
SMPPAL1S1E39,CA_000494_37957_00
SMPPAL1S1E40,CA_000494_38071_00
SMPPAL1S1E41,CA_000494_37942_00
SMPPAL1S1E42,CA_000494_37970_00
SMPPAL1S1E43,CA_000494_38035_00
SMPPAL1S1E44,CA_000494_38026_00
SMPPAL1S1E45,CA_000494_38027_00
SMPPAL1S1E46,CA_000494_37963_00
SMPPAL1S1E47,CA_000494_38045_00
SMPPAL1S1E48,CA_000494_37941_00
SMPPAL1S1E49,CA_000494_38080_00
SMPPAL1S1E50,CA_000494_37943_00
SMPPAL1S1E51,CA_000494_38028_00
SMPPAL1S1E52,CA_000494_38029_00
SALSBE1S1E1,CA_000119_45309_00
SALSBE1S1E2,CA_000119_45310_00
SALSBE1S1E3,CA_000119_45319_00
SALSBE1S1E4,CA_000119_45311_00
SALSBE1S1E5,CA_000119_45308_00
SALSBE1S1E6,CA_000119_45327_00
SALSBE1S1E7,CA_000119_45322_00
SALSBE1S1E8,CA_000119_45323_00
SALSBE1S1E9,CA_000119_45328_00
SALSBE1S1E10,CA_000119_45312_00
SALSBE1S1E11,CA_000119_45324_00
SALSBE1S1E12,CA_000119_45325_00
SALSBE1S1E13,CA_000119_45330_00
SALSBE1S1E14,CA_000119_45326_00
SALSBE1S1E15,CA_000119_45320_00
SALSBE1S1E16,CA_000119_45313_00
SALSBE1S1E17,CA_000119_45321_00
SALSBE1S1E18,CA_000119_45314_00
SALSBE1S1E19,CA_000119_45329_00
SALSBE1S1E20,CA_000119_45315_00
SALSBE1S1E21,CA_000119_45316_00
SALSBE1S1E22,CA_000119_45317_00
SALSBE1S1E23,CA_000119_45318_00
SALSBE1S1E24,CA_000119_45331_00
SCPLID1S4E1,CA_999387_37129_00
SCPLID1S4E2,CA_999387_37130_00
SCPLID1S4E4,CA_999387_37156_00
SCPLID1S4E5,CA_999387_37148_00
SCPLID1S4E6,CA_999387_37134_00
SCPLID1S4E7,CA_999387_37141_00
SCPLID1S4E8,CA_999387_37140_00
SCPLID1S4E9,CA_999387_37151_00
SCPLID1S4E10,CA_999387_37131_00
SCPLID1S4E11,CA_999387_37157_00
SCPLID1S4E12,CA_999387_37123_00
SCPLID1S4E13,CA_999387_37145_00
SCPLID1S4E14,CA_999387_37127_00
SCPLID1S4E15,CA_999387_37124_00
SCPLID1S4E16,CA_999387_37126_00
SCPLID1S4E17,CA_999387_37135_00
SCPLID1S4E18,CA_999387_37158_00
SCPLID1S4E19,CA_999387_37133_00
SCPLID1S4E20,CA_999387_37146_00
SCPLID1S4E22,CA_999387_37136_00
SCPLID1S4E26,CA_999387_37149_00
SCPLID1S4E27,CA_999387_37139_00
SCPLID1S4E28,CA_999387_37125_00
SCPLID1S4E30,CA_999387_37128_00
SCPLID1S4E31,CA_999387_37138_00
SCPLID1S4E32,CA_999387_37152_00
SCPLID1S4E33,CA_999387_37153_00
SCPLID1S4E34,CA_999387_37142_00
SCPLID1S4E37,CA_999387_37143_00
SCPLID1S4E38,CA_999387_37161_00
SCPLID1S4E39,CA_999387_37155_00
SCPLID1S4E40,CA_999387_37132_00
SRUNIT1S8E6,CA_000622_56415_00
SRUNIT1S8E7,CA_000622_56455_00
SRUNIT1S8E9,CA_000622_56453_00
SRUNIT1S8E10,CA_000622_56452_00
SRUNIT1S8E11,CA_000622_56450_00
SRUNIT1S8E12,CA_000622_56451_00
SRUNIT1S13E1,CA_000622_52476_10
SRUNIT1S13E2,CA_000622_56482_10
SRUNIT1S13E3,CA_000622_56481_10
SRUNIT1S13E4,CA_000622_56486_10
SRUNIT1S13E5,CA_000622_56479_10
SRUNIT1S13E6,CA_000622_56478_10
SRUNIT1S13E7,CA_000622_56472_10
SRUNIT1S13E8,CA_000622_56470_10
SRUNIT1S13E9,CA_000622_56471_10
SRUNIT1S13E10,CA_000622_56476_10
SRUNIT1S13E11,CA_000622_56474_10
SRUNIT1S13E12,CA_000622_56473_10
SRUNIT1S13E13,CA_000622_56477_10
SRUNIT1S13E14,CA_000622_56475_10
SICRIM1S6E1,CA_000684_51662_00
SICRIM1S6E2,CA_000684_51830_00
SICRIM1S6E3,CA_000684_51668_00
SICRIM1S6E4,CA_000684_51663_00
SICRIM1S6E5,CA_000684_51666_00
SICRIM1S6E6,CA_000684_51670_00
SICRIM1S6E7,CA_000684_57085_00
SICRIM1S6E8,CA_000684_51667_00
SICRIM1S6E9,CA_000684_51669_00
SICRIM1S6E10,CA_000684_51671_00
SACCUS1E1,CA_000374_44547_00
SACCUS1E2,CA_000374_44548_00
SACCUS1E3,CA_000374_44549_00
SACCUS1E4,CA_000374_44550_00
SACCUS1E5,CA_000374_44551_00
SACCUS1E6,CA_000374_44552_00
SACCUS1S2E1,CA_000374_44553_00
SACCUS1S2E2,CA_000374_44554_00
SACCUS1S2E3,CA_000374_44555_00
SACCUS1S2E4,CA_000374_44556_00
SACCUS1S2E5,CA_000374_44557_00
SACCUS1S2E6,CA_000374_44558_00
SRUNIT1S1E1,CA_000622_49928_00
SRUNIT1S1E2,CA_000622_49984_00
SRUNIT1S1E3,CA_000622_50280_00
SRUNIT1S1E4,CA_000622_50291_00
SRUNIT1S2E1,CA_000622_52468_00
SRUNIT1S2E2,CA_000622_56356_00
SRUNIT1S2E3,CA_000622_56351_00
SRUNIT1S2E4,CA_000622_56353_00
SRUNIT1S2E5,CA_000622_56355_00
SRUNIT1S2E6,CA_000622_56357_00
SRUNIT1S2E7,CA_000622_56352_00
SRUNIT1S2E8,CA_000622_56354_00
SRUNIT1S3E1,CA_000622_52452_00
SRUNIT1S3E2,CA_000622_56407_00
SRUNIT1S3E3,CA_000622_56410_00
SRUNIT1S3E4,CA_000622_56411_00
SRUNIT1S3E5,CA_000622_56412_00
SRUNIT1S3E6,CA_000622_56358_00
SRUNIT1S3E7,CA_000622_56409_00
SRUNIT1S3E8,CA_000622_56408_00
SRUNIT1S3E9,CA_000622_56413_00
SRUNIT1S3E10,CA_000622_56414_00
SRUNIT1S4E1,CA_000622_52462_00
SRUNIT1S4E2,CA_000622_56406_00
SRUNIT1S4E3,CA_000622_56405_00
SRUNIT1S4E4,CA_000622_56404_00
SRUNIT1S4E5,CA_000622_56399_00
SRUNIT1S4E6,CA_000622_56401_00
SRUNIT1S4E7,CA_000622_56403_00
SRUNIT1S4E8,CA_000622_56402_00
SRUNIT1S4E9,CA_000622_56400_00
SRUNIT1S4E10,CA_000622_56398_00
SRUNIT1S4E11,CA_000622_56391_00
SRUNIT1S4E12,CA_000622_56395_00
SRUNIT1S4E13,CA_000622_56390_00
SRUNIT1S4E14,CA_000622_56397_00
SRUNIT1S5E1,CA_000622_52456_00
SRUNIT1S5E2,CA_000622_56394_00
SRUNIT1S5E3,CA_000622_56396_00
SRUNIT1S5E4,CA_000622_56392_00
SRUNIT1S5E5,CA_000622_56393_00
SRUNIT1S5E6,CA_000622_56389_00
SRUNIT1S5E7,CA_000622_56383_00
SRUNIT1S5E8,CA_000622_56380_00
SRUNIT1S5E9,CA_000622_56386_00
SRUNIT1S5E10,CA_000622_56384_00
SRUNIT1S5E11,CA_000622_56381_00
SRUNIT1S5E12,CA_000622_56385_00
SRUNIT1S5E13,CA_000622_56387_00
SRUNIT1S5E14,CA_000622_56382_00
SRUNIT1S6E1,CA_000622_52464_00
SRUNIT1S6E2,CA_000622_56388_00
SRUNIT1S6E3,CA_000622_56379_00
SRUNIT1S6E4,CA_000622_56374_00
SRUNIT1S6E5,CA_000622_56373_00
SRUNIT1S6E6,CA_000622_56370_00
SRUNIT1S6E7,CA_000622_56377_00
SRUNIT1S6E8,CA_000622_56371_00
SRUNIT1S6E9,CA_000622_56372_00
SRUNIT1S6E10,CA_000622_56376_00
SRUNIT1S7E1,CA_000622_52465_00
SRUNIT1S7E2,CA_000622_56378_00
SRUNIT1S7E3,CA_000622_56375_00
SRUNIT1S7E4,CA_000622_56369_00
SRUNIT1S7E5,CA_000622_56364_00
SRUNIT1S7E6,CA_000622_56365_00
SRUNIT1S7E7,CA_000622_56362_00
SRUNIT1S7E8,CA_000622_56368_00
SRUNIT1S7E9,CA_000622_56363_00
SRUNIT1S7E10,CA_000622_56366_00
SRUNIT1S7E11,CA_000622_56361_00
SRUNIT1S7E12,CA_000622_56360_00
SRUNIT1S7E13,CA_000622_56367_00
SRUNIT1S7E14,CA_000622_56359_00
SRUNIT1S7E15,CA_000622_56461_00
SRUNIT1S7E16,CA_000622_56457_00
SRUNIT1S8E1,CA_000622_52459_00
SRUNIT1S8E2,CA_000622_56456_00
SRUNIT1S8E3,CA_000622_56460_00
SRUNIT1S8E4,CA_000622_56454_00
SRUNIT1S8E5,CA_000622_56458_00
SRUNIT1S8E8,CA_000622_56459_00
SRUNIT1S9E1,CA_000622_52471_00
SRUNIT1S9E2,CA_000622_56443_00
SRUNIT1S9E3,CA_000622_56449_00
SRUNIT1S9E4,CA_000622_56444_00
SRUNIT1S9E5,CA_000622_56446_00
SRUNIT1S9E6,CA_000622_56447_00
SRUNIT1S9E7,CA_000622_56445_00
SRUNIT1S9E8,CA_000622_56448_00
SRUNIT1S9E9,CA_000622_56442_00
SRUNIT1S9E10,CA_000622_56440_00
SRUNIT1S9E11,CA_000622_56441_00
SRUNIT1S9E12,CA_000622_56439_00
SRUNIT1S10E1,CA_000622_52472_00
SRUNIT1S10E2,CA_000622_56438_00
SRUNIT1S10E3,CA_000622_56437_00
SRUNIT1S10E4,CA_000622_56435_00
SRUNIT1S10E5,CA_000622_56430_00
SRUNIT1S10E6,CA_000622_56436_00
SRUNIT1S10E7,CA_000622_56434_00
SRUNIT1S10E8,CA_000622_56432_00
SRUNIT1S10E9,CA_000622_56433_00
SRUNIT1S10E10,CA_000622_56431_00
SRUNIT1S10E11,CA_000622_56427_00
SRUNIT1S10E12,CA_000622_56429_00
SRUNIT1S10E13,CA_000622_56428_00
SRUNIT1S11E1,CA_000622_52474_00
SRUNIT1S11E2,CA_000622_56425_00
SRUNIT1S11E3,CA_000622_56423_00
SRUNIT1S11E4,CA_000622_56421_00
SRUNIT1S11E5,CA_000622_56418_00
SRUNIT1S11E6,CA_000622_56426_00
SRUNIT1S11E7,CA_000622_56424_00
SRUNIT1S11E8,CA_000622_56419_00
SRUNIT1S11E9,CA_000622_56422_00
SRUNIT1S11E10,CA_000622_56417_00
SRUNIT1S11E11,CA_000622_56420_00
SRUNIT1S11E12,CA_000622_56416_00
SRUNIT1S11E13,CA_000622_56495_00
SRUNIT1S11E14,CA_000622_56494_00
SRUNIT1S12E1,CA_000622_52470_00
SRUNIT1S12E2,CA_000622_56491_00
SRUNIT1S12E3,CA_000622_56490_00
SRUNIT1S12E4,CA_000622_56462_00
SRUNIT1S12E5,CA_000622_56492_00
SRUNIT1S12E6,CA_000622_56493_00
SRUNIT1S12E7,CA_000622_56496_00
SRUNIT1S12E8,CA_000622_56489_00
SRUNIT1S12E9,CA_000622_56488_00
SRUNIT1S12E10,CA_000622_56480_00
SRUNIT1S12E11,CA_000622_56485_00
SRUNIT1S12E12,CA_000622_56484_00
SRUNIT1S12E13,CA_000622_56483_00
SRUNIT1S12E14,CA_000622_56487_00
STBWTS1S1E1,CA_000428_53639_00
STBWTS1S1E2,CA_000428_53637_00
STBWTS1S1E3,CA_000428_53638_00
STBWTS1S1E4,CA_000428_53645_00
STBWTS1S1E5,CA_000428_53644_00
STBWTS1S1E6,CA_000428_53640_00
STBWTS1S1E7,CA_000428_53648_00
STBWTS1S1E8,CA_000428_53636_00
STBWTS1S1E9,CA_000428_53643_00
STBWTS1S1E10,CA_000428_53635_00
STBWTS1S1E11,CA_000428_53641_00
STBWTS1S1E12,CA_000428_53649_00
STBWTS1S1E13,CA_000428_53647_00
STBWTS1S1E14,CA_000428_53646_00
STBWTS1S1E15,CA_000428_53650_00
STBWTS1S1E16,CA_000428_53642_00
SGTSER1S1E1,CA_000428_53553_00
SGTSER1S1E2,CA_000428_53559_00
SGTSER1S1E3,CA_000428_53555_00
SGTSER1S1E4,CA_000428_53566_00
SGTSER1S1E5,CA_000428_53556_00
SGTSER1S1E6,CA_000428_53557_00
SGTSER1S1E7,CA_000428_53554_00
SGTSER1S1E8,CA_000428_53558_00
SGTSER1S2E1,CA_000428_53561_00
SGTSER1S2E2,CA_000428_53567_00
SGTSER1S2E3,CA_000428_53563_00
SGTSER1S2E4,CA_000428_53565_00
SGTSER1S2E5,CA_000428_53569_00
SGTSER1S2E6,CA_000428_53570_00
SGTSER1S2E7,CA_000428_53564_00
SGTSER1S2E8,CA_000428_53562_00
SGTSER1S2E9,CA_000428_53568_00
ME7VID1,CA_000532_493_00
STDAFT1S2E1,CA_000428_47300_00
STDAFT1S2E2,CA_000428_47301_00
STDAFT1S2E3,CA_000428_47302_00
STDAFT1S2E4,CA_000428_47303_00
STDAFT1S2E5,CA_000428_47304_00
STDAFT1S2E6,CA_000428_47305_00
STDAFT1S2E7,CA_000428_47306_00
STDAFT1S2E8,CA_000428_47307_00
STDAFT1S2E9,CA_000428_47308_00
STDAFT1S2E10,CA_000428_47309_00
STDAFT1S2E11,CA_000428_47310_00
STDAFT1S2E12,CA_000428_47311_00
STDAFT1S3E1,CA_000428_47312_00
STDAFT1S3E2,CA_000428_47313_00
STDAFT1S3E3,CA_000428_47314_00
STDAFT1S3E4,CA_000428_47315_00
STDAFT1S3E5,CA_000428_47316_00
STDAFT1S3E6,CA_000428_47317_00
STDAFT1S3E7,CA_000428_47318_00
STDAFT1S3E8,CA_000428_47319_00
STDAFT1S3E9,CA_000428_47320_00
STDAFT1S3E10,CA_000428_47321_00
STDAFT1S3E11,CA_000428_47322_00
STDAFT1S3E12,CA_000428_47323_00
STDAFT1S1E1,CA_000428_47288_00
STDAFT1S1E2,CA_000428_47289_00
STDAFT1S1E3,CA_000428_47290_00
STDAFT1S1E4,CA_000428_47291_00
STDAFT1S1E5,CA_000428_47292_00
STDAFT1S1E6,CA_000428_47293_00
STDAFT1S1E7,CA_000428_47294_00
STDAFT1S1E8,CA_000428_47295_00
STDAFT1S1E9,CA_000428_47296_00
STDAFT1S1E10,CA_000428_47297_00
STDAFT1S1E11,CA_000428_47298_00
STDAFT1S1E12,CA_000428_47299_00
,CA_000120_39396_00
,CA_000120_39399_00
,CA_000120_39398_00
,CA_000120_39400_00
,CA_000120_39401_00
,CA_000120_39402_00
,CA_000120_39403_00
,CA_000120_39406_00
,CA_000120_45032_00
,CA_000120_45033_00
,CA_000120_45034_00
,CA_000120_45035_00
,CA_000120_45036_00
SDETUR1S3E1,CA_999387_35758_00
SDETUR1S3E2,CA_999387_35846_00
SDETUR1S3E3,CA_999387_35870_00
SDETUR1S3E4,CA_999387_35745_00
SDETUR1S3E5,CA_999387_35756_00
SDETUR1S3E6,CA_999387_35855_00
SDETUR1S3E7,CA_999387_35871_00
SDETUR1S3E8,CA_999387_35698_00
SDETUR1S3E9,CA_999387_35810_00
SDETUR1S3E10,CA_999387_35725_00
SDETUR1S3E11,CA_999387_35759_00
SDETUR1S3E12,CA_999387_35828_00
SDETUR1S3E13,CA_999387_35760_00
SDETUR1S3E14,CA_999387_35699_00
SDETUR1S3E15,CA_999387_35746_00
SDETUR1S3E16,CA_999387_35863_00
SDETUR1S3E17,CA_999387_35781_00
SDETUR1S3E18,CA_999387_35747_00
SDETUR1S3E19,CA_999387_35748_00
SDETUR1S3E20,CA_999387_35847_00
SDETUR1S3E21,CA_999387_35797_00
SDETUR1S3E22,CA_999387_35872_00
SDETUR1S3E23,CA_999387_35829_00
SDETUR1S3E24,CA_999387_35771_00
SDETUR1S3E25,CA_999387_35714_00
SDETUR1S3E26,CA_999387_35830_00
SDETUR1S3E27,CA_999387_35733_00
SDETUR1S3E28,CA_999387_35856_00
SDETUR1S3E29,CA_999387_35831_00
SDETUR1S3E30,CA_999387_35799_00
SDETUR1S3E31,CA_999387_35811_00
SDETUR1S3E32,CA_999387_35873_00
SDETUR1S3E33,CA_999387_35857_00
SDETUR1S3E34,CA_999387_35700_00
SDETUR1S3E35,CA_999387_35832_00
SDETUR1S3E36,CA_999387_35833_00
SDETUR1S3E37,CA_999387_35858_00
SDETUR1S3E38,CA_999387_35761_00
SDETUR1S3E39,CA_999387_35773_00
SDETUR1S3E40,CA_999387_35734_00
SFSPIN1S1E17,CA_000493_43910_00
SFSPIN1S1E18,CA_000493_43911_00
SFSPIN1S1E19,CA_000493_43912_00
SFSPIN1S1E20,CA_000493_43913_00
SFSPIN1S1E21,CA_000493_43914_00
SFSPIN1S1E22,CA_000493_43915_00
SFSPIN1S1E23,CA_000493_43916_00
SFSPIN1S1E24,CA_000493_43917_00
SFSPIN1S1E25,CA_000493_43918_00
SFSPIN1S1E26,CA_000493_43919_00
SFSPIN1S1E27,CA_000493_43920_00
SFSPIN1S1E28,CA_000493_43921_00
SFSPIN1S1E29,CA_000493_43922_00
SFSPIN1S1E30,CA_000493_43923_00
SLLEON1S1E1,CA_000155_36512_00
SLLEON1S1E2,CA_000155_36513_00
SLLEON1S1E3,CA_000155_36514_00
SLLEON1S1E4,CA_000155_36515_00
SLLEON1S1E5,CA_000155_36516_00
SLLEON1S1E6,CA_000155_36517_00
SLLEON1S1E7,CA_000155_36518_00
SLLEON1S1E8,CA_000155_36519_00
SLLEON1S1E9,CA_000155_36520_00
SLLEON1S1E10,CA_000155_36521_00
SLLEON1S1E11,CA_000155_36522_00
SLLEON1S1E12,CA_000155_36523_00
SLLEON1S1E13,CA_000155_36524_00
SLLEON1S1E14,CA_000155_36525_00
SLLEON1S1E15,CA_000155_36526_00
SLLEON1S1E16,CA_000155_36527_00
SLLEON1S1E17,CA_000155_36528_00
SLLEON1S1E18,CA_000155_36529_00
SLLEON1S1E19,CA_000155_36530_00
SLLEON1S1E20,CA_000155_36531_00
SLLEON1S1E21,CA_000155_36532_00
SLLEON1S1E22,CA_000155_36533_00
SLLEON1S1E23,CA_000155_36534_00
SLLEON1S1E24,CA_000155_36535_00
SLLEON1S1E25,CA_000155_36536_00
SLLEON1S1E26,CA_000155_36537_00
SMPPAL1S1E1,CA_000494_37939_00
SMPPAL1S1E2,CA_000494_37937_00
SMPPAL1S1E3,CA_000494_37958_00
SMPPAL1S1E4,CA_000494_37956_00
SMPPAL1S1E5,CA_000494_37959_00
SMPPAL1S1E6,CA_000494_38023_00
SMPPAL1S1E7,CA_000494_38024_00
SMPPAL1S1E8,CA_000494_37938_00
SMPPAL1S1E9,CA_000494_37940_00
SMPPAL1S1E10,CA_000494_37998_00
SMPPAL1S1E11,CA_000494_37935_00
SMPPAL1S1E12,CA_000494_38032_00
SMPPAL1S1E13,CA_000494_37954_00
SMPPAL1S1E14,CA_000494_38055_00
SMPPAL1S1E15,CA_000494_38004_00
SMPPAL1S1E16,CA_000494_38066_00
SMPPAL1S1E17,CA_000494_37955_00
SMPPAL1S1E18,CA_000494_37960_00
SMPPAL1S1E19,CA_000494_38017_00
SMPPAL1S1E20,CA_000494_38033_00
SMPPAL1S1E21,CA_000494_38056_00
SMPPAL1S1E22,CA_000494_38010_00
SMPPAL1S1E23,CA_000494_38069_00
SMPPAL1S1E24,CA_000494_38018_00
SMPPAL1S1E25,CA_000494_38057_00
SMPPAL1S1E26,CA_000494_37936_00
SMPPAL1S1E27,CA_000494_37969_00
SMPPAL1S1E28,CA_000494_38011_00
SMPPAL1S1E29,CA_000494_38025_00
SMPPAL1S1E30,CA_000494_37961_00
SMPPAL1S1E31,CA_000494_38058_00
SMPPAL1S1E32,CA_000494_38005_00
SMPPAL1S1E33,CA_000494_38034_00
SMPPAL1S1E34,CA_000494_38079_00
SMPPAL1S1E35,CA_000494_37962_00
SMPPAL1S1E36,CA_000494_38012_00
SMPPAL1S1E37,CA_000494_38068_00
SMPPAL1S1E38,CA_000494_38070_00
SMPPAL1S1E39,CA_000494_37957_00
SMPPAL1S1E40,CA_000494_38071_00
SMPPAL1S1E41,CA_000494_37942_00
SMPPAL1S1E42,CA_000494_37970_00
SMPPAL1S1E43,CA_000494_38035_00
SMPPAL1S1E44,CA_000494_38026_00
SMPPAL1S1E45,CA_000494_38027_00
SMPPAL1S1E46,CA_000494_37963_00
SMPPAL1S1E47,CA_000494_38045_00
SMPPAL1S1E48,CA_000494_37941_00
SMPPAL1S1E49,CA_000494_38080_00
SMPPAL1S1E50,CA_000494_37943_00
SMPPAL1S1E51,CA_000494_38028_00
SMPPAL1S1E52,CA_000494_38029_00
SALSBE1S1E1,CA_000119_45309_00
SALSBE1S1E2,CA_000119_45310_00
SALSBE1S1E3,CA_000119_45319_00
SALSBE1S1E4,CA_000119_45311_00
SALSBE1S1E5,CA_000119_45308_00
SALSBE1S1E6,CA_000119_45327_00
SALSBE1S1E7,CA_000119_45322_00
SALSBE1S1E8,CA_000119_45323_00
SALSBE1S1E9,CA_000119_45328_00
SALSBE1S1E10,CA_000119_45312_00
SALSBE1S1E11,CA_000119_45324_00
SALSBE1S1E12,CA_000119_45325_00
SALSBE1S1E13,CA_000119_45330_00
SALSBE1S1E14,CA_000119_45326_00
SALSBE1S1E15,CA_000119_45320_00
SALSBE1S1E16,CA_000119_45313_00
SALSBE1S1E17,CA_000119_45321_00
SALSBE1S1E18,CA_000119_45314_00
SALSBE1S1E19,CA_000119_45329_00
SALSBE1S1E20,CA_000119_45315_00
SALSBE1S1E21,CA_000119_45316_00
SALSBE1S1E22,CA_000119_45317_00
SALSBE1S1E23,CA_000119_45318_00
SALSBE1S1E24,CA_000119_45331_00
SCPLID1S4E1,CA_999387_37129_00
SCPLID1S4E2,CA_999387_37130_00
SCPLID1S4E4,CA_999387_37156_00
SCPLID1S4E5,CA_999387_37148_00
SCPLID1S4E6,CA_999387_37134_00
SCPLID1S4E7,CA_999387_37141_00
SCPLID1S4E8,CA_999387_37140_00
SCPLID1S4E9,CA_999387_37151_00
SCPLID1S4E10,CA_999387_37131_00
SCPLID1S4E11,CA_999387_37157_00
SCPLID1S4E12,CA_999387_37123_00
SCPLID1S4E13,CA_999387_37145_00
SCPLID1S4E14,CA_999387_37127_00
SCPLID1S4E15,CA_999387_37124_00
SCPLID1S4E16,CA_999387_37126_00
SCPLID1S4E17,CA_999387_37135_00
SCPLID1S4E18,CA_999387_37158_00
SCPLID1S4E19,CA_999387_37133_00
SCPLID1S4E20,CA_999387_37146_00
SCPLID1S4E22,CA_999387_37136_00
SCPLID1S4E26,CA_999387_37149_00
SCPLID1S4E27,CA_999387_37139_00
SCPLID1S4E28,CA_999387_37125_00
SCPLID1S4E30,CA_999387_37128_00
SCPLID1S4E31,CA_999387_37138_00
SCPLID1S4E32,CA_999387_37152_00
SCPLID1S4E33,CA_999387_37153_00
SCPLID1S4E34,CA_999387_37142_00
SCPLID1S4E37,CA_999387_37143_00
SCPLID1S4E38,CA_999387_37161_00
SCPLID1S4E39,CA_999387_37155_00
SCPLID1S4E40,CA_999387_37132_00
SRUNIT1S8E6,CA_000622_56415_00
SRUNIT1S8E7,CA_000622_56455_00
SRUNIT1S8E9,CA_000622_56453_00
SRUNIT1S8E10,CA_000622_56452_00
SRUNIT1S8E11,CA_000622_56450_00
SRUNIT1S8E12,CA_000622_56451_00
SRUNIT1S13E1,CA_000622_52476_10
SRUNIT1S13E2,CA_000622_56482_10
SRUNIT1S13E3,CA_000622_56481_10
SRUNIT1S13E4,CA_000622_56486_10
SRUNIT1S13E5,CA_000622_56479_10
SRUNIT1S13E6,CA_000622_56478_10
SRUNIT1S13E7,CA_000622_56472_10
SRUNIT1S13E8,CA_000622_56470_10
SRUNIT1S13E9,CA_000622_56471_10
SRUNIT1S13E10,CA_000622_56476_10
SRUNIT1S13E11,CA_000622_56474_10
SRUNIT1S13E12,CA_000622_56473_10
SRUNIT1S13E13,CA_000622_56477_10
SRUNIT1S13E14,CA_000622_56475_10
SICRIM1S6E1,CA_000684_51662_00
SICRIM1S6E2,CA_000684_51830_00
SICRIM1S6E3,CA_000684_51668_00
SICRIM1S6E4,CA_000684_51663_00
SICRIM1S6E5,CA_000684_51666_00
SICRIM1S6E6,CA_000684_51670_00
SICRIM1S6E7,CA_000684_57085_00
SICRIM1S6E8,CA_000684_51667_00
SICRIM1S6E9,CA_000684_51669_00
SICRIM1S6E10,CA_000684_51671_00
SACCUS1E1,CA_000374_44547_00
SACCUS1E2,CA_000374_44548_00
SACCUS1E3,CA_000374_44549_00
SACCUS1E4,CA_000374_44550_00
SACCUS1E5,CA_000374_44551_00
SACCUS1E6,CA_000374_44552_00
SACCUS1S2E1,CA_000374_44553_00
SACCUS1S2E2,CA_000374_44554_00
SACCUS1S2E3,CA_000374_44555_00
SACCUS1S2E4,CA_000374_44556_00
SACCUS1S2E5,CA_000374_44557_00
SACCUS1S2E6,CA_000374_44558_00
SRUNIT1S1E1,CA_000622_49928_00
SRUNIT1S1E2,CA_000622_49984_00
SRUNIT1S1E3,CA_000622_50280_00
SRUNIT1S1E4,CA_000622_50291_00
SRUNIT1S2E1,CA_000622_52468_00
SRUNIT1S2E2,CA_000622_56356_00
SRUNIT1S2E3,CA_000622_56351_00
SRUNIT1S2E4,CA_000622_56353_00
SRUNIT1S2E5,CA_000622_56355_00
SRUNIT1S2E6,CA_000622_56357_00
SRUNIT1S2E7,CA_000622_56352_00
SRUNIT1S2E8,CA_000622_56354_00
SRUNIT1S3E1,CA_000622_52452_00
SRUNIT1S3E2,CA_000622_56407_00
SRUNIT1S3E3,CA_000622_56410_00
SRUNIT1S3E4,CA_000622_56411_00
SRUNIT1S3E5,CA_000622_56412_00
SRUNIT1S3E6,CA_000622_56358_00
SRUNIT1S3E7,CA_000622_56409_00
SRUNIT1S3E8,CA_000622_56408_00
SRUNIT1S3E9,CA_000622_56413_00
SRUNIT1S3E10,CA_000622_56414_00
SRUNIT1S4E1,CA_000622_52462_00
SRUNIT1S4E2,CA_000622_56406_00
SRUNIT1S4E3,CA_000622_56405_00
SRUNIT1S4E4,CA_000622_56404_00
SRUNIT1S4E5,CA_000622_56399_00
SRUNIT1S4E6,CA_000622_56401_00
SRUNIT1S4E7,CA_000622_56403_00
SRUNIT1S4E8,CA_000622_56402_00
SRUNIT1S4E9,CA_000622_56400_00
SRUNIT1S4E10,CA_000622_56398_00
SRUNIT1S4E11,CA_000622_56391_00
SRUNIT1S4E12,CA_000622_56395_00
SRUNIT1S4E13,CA_000622_56390_00
SRUNIT1S4E14,CA_000622_56397_00
SRUNIT1S5E1,CA_000622_52456_00
SRUNIT1S5E2,CA_000622_56394_00
SRUNIT1S5E3,CA_000622_56396_00
SRUNIT1S5E4,CA_000622_56392_00
SRUNIT1S5E5,CA_000622_56393_00
SRUNIT1S5E6,CA_000622_56389_00
SRUNIT1S5E7,CA_000622_56383_00
SRUNIT1S5E8,CA_000622_56380_00
SRUNIT1S5E9,CA_000622_56386_00
SRUNIT1S5E10,CA_000622_56384_00
SRUNIT1S5E11,CA_000622_56381_00
SRUNIT1S5E12,CA_000622_56385_00
SRUNIT1S5E13,CA_000622_56387_00
SRUNIT1S5E14,CA_000622_56382_00
SRUNIT1S6E1,CA_000622_52464_00
SRUNIT1S6E2,CA_000622_56388_00
SRUNIT1S6E3,CA_000622_56379_00
SRUNIT1S6E4,CA_000622_56374_00
SRUNIT1S6E5,CA_000622_56373_00
SRUNIT1S6E6,CA_000622_56370_00
SRUNIT1S6E7,CA_000622_56377_00
SRUNIT1S6E8,CA_000622_56371_00
SRUNIT1S6E9,CA_000622_56372_00
SRUNIT1S6E10,CA_000622_56376_00
SRUNIT1S7E1,CA_000622_52465_00
SRUNIT1S7E2,CA_000622_56378_00
SRUNIT1S7E3,CA_000622_56375_00
SRUNIT1S7E4,CA_000622_56369_00
SRUNIT1S7E5,CA_000622_56364_00
SRUNIT1S7E6,CA_000622_56365_00
SRUNIT1S7E7,CA_000622_56362_00
SRUNIT1S7E8,CA_000622_56368_00
SRUNIT1S7E9,CA_000622_56363_00
SRUNIT1S7E10,CA_000622_56366_00
SRUNIT1S7E11,CA_000622_56361_00
SRUNIT1S7E12,CA_000622_56360_00
SRUNIT1S7E13,CA_000622_56367_00
SRUNIT1S7E14,CA_000622_56359_00
SRUNIT1S7E15,CA_000622_56461_00
SRUNIT1S7E16,CA_000622_56457_00
SRUNIT1S8E1,CA_000622_52459_00
SRUNIT1S8E2,CA_000622_56456_00
SRUNIT1S8E3,CA_000622_56460_00
SRUNIT1S8E4,CA_000622_56454_00
SRUNIT1S8E5,CA_000622_56458_00
SRUNIT1S8E8,CA_000622_56459_00
SRUNIT1S9E1,CA_000622_52471_00
SRUNIT1S9E2,CA_000622_56443_00
SRUNIT1S9E3,CA_000622_56449_00
SRUNIT1S9E4,CA_000622_56444_00
SRUNIT1S9E5,CA_000622_56446_00
SRUNIT1S9E6,CA_000622_56447_00
SRUNIT1S9E7,CA_000622_56445_00
SRUNIT1S9E8,CA_000622_56448_00
SRUNIT1S9E9,CA_000622_56442_00
SRUNIT1S9E10,CA_000622_56440_00
SRUNIT1S9E11,CA_000622_56441_00
SRUNIT1S9E12,CA_000622_56439_00
SRUNIT1S10E1,CA_000622_52472_00
SRUNIT1S10E2,CA_000622_56438_00
SRUNIT1S10E3,CA_000622_56437_00
SRUNIT1S10E4,CA_000622_56435_00
SRUNIT1S10E5,CA_000622_56430_00
SRUNIT1S10E6,CA_000622_56436_00
SRUNIT1S10E7,CA_000622_56434_00
SRUNIT1S10E8,CA_000622_56432_00
SRUNIT1S10E9,CA_000622_56433_00
SRUNIT1S10E10,CA_000622_56431_00
SRUNIT1S10E11,CA_000622_56427_00
SRUNIT1S10E12,CA_000622_56429_00
SRUNIT1S10E13,CA_000622_56428_00
SRUNIT1S11E1,CA_000622_52474_00
SRUNIT1S11E2,CA_000622_56425_00
SRUNIT1S11E3,CA_000622_56423_00
SRUNIT1S11E4,CA_000622_56421_00
SRUNIT1S11E5,CA_000622_56418_00
SRUNIT1S11E6,CA_000622_56426_00
SRUNIT1S11E7,CA_000622_56424_00
SRUNIT1S11E8,CA_000622_56419_00
SRUNIT1S11E9,CA_000622_56422_00
SRUNIT1S11E10,CA_000622_56417_00
SRUNIT1S11E11,CA_000622_56420_00
SRUNIT1S11E12,CA_000622_56416_00
SRUNIT1S11E13,CA_000622_56495_00
SRUNIT1S11E14,CA_000622_56494_00
SRUNIT1S12E1,CA_000622_52470_00
SRUNIT1S12E2,CA_000622_56491_00
SRUNIT1S12E3,CA_000622_56490_00
SRUNIT1S12E4,CA_000622_56462_00
SRUNIT1S12E5,CA_000622_56492_00
SRUNIT1S12E6,CA_000622_56493_00
SRUNIT1S12E7,CA_000622_56496_00
SRUNIT1S12E8,CA_000622_56489_00
SRUNIT1S12E9,CA_000622_56488_00
SRUNIT1S12E10,CA_000622_56480_00
SRUNIT1S12E11,CA_000622_56485_00
SRUNIT1S12E12,CA_000622_56484_00
SRUNIT1S12E13,CA_000622_56483_00
SRUNIT1S12E14,CA_000622_56487_00
STBWTS1S1E1,CA_000428_53639_00
STBWTS1S1E2,CA_000428_53637_00
STBWTS1S1E3,CA_000428_53638_00
STBWTS1S1E4,CA_000428_53645_00
STBWTS1S1E5,CA_000428_53644_00
STBWTS1S1E6,CA_000428_53640_00
STBWTS1S1E7,CA_000428_53648_00
STBWTS1S1E8,CA_000428_53636_00
STBWTS1S1E9,CA_000428_53643_00
STBWTS1S1E10,CA_000428_53635_00
STBWTS1S1E11,CA_000428_53641_00
STBWTS1S1E12,CA_000428_53649_00
STBWTS1S1E13,CA_000428_53647_00
STBWTS1S1E14,CA_000428_53646_00
STBWTS1S1E15,CA_000428_53650_00
STBWTS1S1E16,CA_000428_53642_00
SGTSER1S1E1,CA_000428_53553_00
SGTSER1S1E2,CA_000428_53559_00
SGTSER1S1E3,CA_000428_53555_00
SGTSER1S1E4,CA_000428_53566_00
SGTSER1S1E5,CA_000428_53556_00
SGTSER1S1E6,CA_000428_53557_00
SGTSER1S1E7,CA_000428_53554_00
SGTSER1S1E8,CA_000428_53558_00
SGTSER1S2E1,CA_000428_53561_00
SGTSER1S2E2,CA_000428_53567_00
SGTSER1S2E3,CA_000428_53563_00
SGTSER1S2E4,CA_000428_53565_00
SGTSER1S2E5,CA_000428_53569_00
SGTSER1S2E6,CA_000428_53570_00
SGTSER1S2E7,CA_000428_53564_00
SGTSER1S2E8,CA_000428_53562_00
SGTSER1S2E9,CA_000428_53568_00
ME7VID1,CA_000532_493_00